Term,Rep_1,Rep_3,Rep_5,Mean
UA_Transvib,90.8405079953547,90.7661822137514,90.4292250238844,90.6786384109968
UA_Rovib,3.80E-11,1.83E-06,1.19E-09,6.11040609686905E-07
UA_Conf,29.5677935602365,29.8795675564516,29.8463116183218,29.7645575783366
Res_Transvib,41.4958387317038,41.2033608840646,41.2842417740765,41.327813796615
Res_Rovib,14.2009344021255,12.66430342588,14.9902532741107,13.9518303673721
Total,176.105074689458,174.51341591204,176.550031691585,175.722840764361
