Term,Rep_1,Rep_3,Rep_5,Mean
UA_Transvib,90.6958168190672,90.9113243678758,90.5936980035072,90.7336130634834
UA_Rovib,5.01E-10,2.12E-07,4.66E-07,2.26016713374147E-07
UA_Conf,29.5795858031792,29.5209949724662,29.7176092218933,29.6060633325129
Res_Transvib,41.3410822108036,41.1655866156293,41.1158945133772,41.2075211132701
Res_Rovib,13.8960887583707,12.1484756884229,15.7857395229362,13.9434346565766
Total,175.512573591922,173.746381856149,177.212941727508,175.49063239186
