Term,Rep_1,Rep_3,Rep_5,Mean
UA_Transvib,95.33,96.02,92.66,94.67
UA_Rovib,36.49,37.27,35.16,36.3066666666667
UA_Conf,28.05,28.94,28.63,28.54
Res_Transvib,41.48,41.05,41.21,41.2466666666667
Res_Rovib,37.06,37.44,36.73,37.0766666666667
Total,238.41,240.72,234.39,237.84
