Term,Rep_1,Rep_3,Rep_5,Mean
UA_Transvib,90.6844902141269,91.5123962489142,91.2716272985337,91.1561712538583
UA_Rovib,8.03E-05,2.00E-02,1.53E-04,0.00672938216695144
UA_Conf,29.2757240056829,29.4005140068172,29.4987670156356,29.3916683427119
Res_Transvib,41.5008121136036,40.9970441474397,41.2234343452267,41.24043020209
Res_Rovib,13.6802551669216,12.141518569957,16.5411651631855,14.1209796333547
Total,175.141361821133,174.071427349675,178.535147271738,175.915978814182
