,Term,Unbound_no_scaling,Unbound_Error_no_scaling,Unbound_scaling,Unbound_Error_scaling,Bound_no_scaling,Bound_Error_no_scaling,Bound_scaling,Bound_Error_scaling,Difference_no_scaling, Difference_no_scaling,Difference_scaling, Difference_scaling
0,Molecule_Transvibrational,41.57,0.22,58.6514,0.21690728434056786,41.37,0.2,58.57073,0.18731806604453982,-0.20000000000000284,0.2973213749463701,-0.0806700000000049,0.2865952335030479
1,Molecule_Rovibrational,36.22,0.08,53.17754,0.08763721013359631,36.45,0.12,52.979945,0.1740501388489348,0.23000000000000398,0.14422205101855956,-0.19759499999999974,0.19486849779616408
2,UA_Transvibrational,112.52,0.64,91.2956,0.6820883813700381,102.56576,0.87,104.94,1.5404440312238976,-9.954239999999999,1.0800462953040486,13.644400000000005,1.6846994905125754
3,UA_Rovibrational,15.84,0.14,79.6258,0.3818759484439945,10.04176,0.24,66.14274999999999,0.7639688017190237,-5.79824,0.2778488797889961,-13.483050000000006,0.8540945907802023
4,Topographical_1,0.0,0.0,57.0386,0.7727699916534028,0.0,0.0,25.05335,2.801767617653779,0.0,0.0,-31.985250000000004,2.9063852537702797
5,Topographical_2,0.0,0.0,35.5844,1.196636895637102,0.0,0.0,12.28565,1.4065320366063476,0.0,0.0,-23.298750000000002,1.8466922401959673
6,Topographical_3,0.0,0.0,27.472,0.20200297027519187,0.0,0.0,4.7222,1.1781242775417766,0.0,0.0,-22.7498,1.1953167000144076
