Term,Rep_1,Rep_3,Rep_5,Mean
UA_Transvib,91.7530716774129,92.4944423208107,91.7455087703144,91.9976742561793
UA_Rovib,6.86E+00,2.12E-02,2.15E-02,2.30013554931672
UA_Conf,28.9212065520377,28.8134651934336,29.3403519071736,29.025007884215
Res_Transvib,41.5630799117848,41.3671807289911,41.2382359047424,41.3894988485061
Res_Rovib,15.4038794236255,11.7768299710731,15.6260960278649,14.2689351408545
Total,184.498917014198,174.473162515787,177.97167550723,178.981251679072
