Term,A,B,C,D,Total,Average Per Chain
UA_Transvib,2382.25419763947,2387.93657064909,2399.91172546602,2406.15962303164,9576.26211678622,2394.06552919656
UA_Rovib,1331.11365960801,1362.77369894025,1344.58974372074,1381.166755627,5419.643857896,1354.910964474
UA_Conf,1430.91119230374,1375.65401322315,1462.56123236044,1393.47792465717,5662.6043625445,1415.65109063613
Res_Transvib,2883.94372793187,2874.29259760652,2874.33900315601,2945.72423115936,11578.2995598538,2894.57488996344
Res_Rovib,2542.3599877653,2213.49244417806,2213.91907964592,2214.33780945926,9184.10932104854,2296.02733026214
Res_Conf,55.7205834477842,51.9949922802689,35.2429920762991,46.5970249817929,189.555592786145,47.3888981965363
P_Transvib,50.2859391697357,50.6969053943597,50.6979296624464,50.2858956384931,201.966669865035,50.4916674662587
P_Rovib,46.5159710176561,46.7903687529404,46.8313485053716,46.8562287467885,186.993917022757,46.7484792556892
Total,10723.1052588836,10363.6315910246,10428.0930545932,10484.6054933015,41999.435397803,10499.8588494507
