Term,A,B,C,D,Total
UA_Transvib,2382.254198,2387.936571,2399.911725,2406.159623,9576.262117
UA_Rovib,4817.857859,4905.881518,4868.791152,4981.713254,19574.24378
UA_Conf,1430.911192,1375.654013,1462.561232,1393.477925,5662.604363
Res_Transvib,2883.943728,2874.292598,2874.339003,2945.724231,11578.29956
Res_Rovib,4433.374566,4108.240483,4109.054527,4106.432648,16757.10222
Res_Conf,55.72058345,51.99499228,35.24299208,46.59702498,189.5555928
P_Transvib,67.47236237,67.88674027,67.88769965,67.47229416,270.7190965
P_Rovib,63.66451296,63.9421103,63.98067672,64.00796616,255.5952661
Total,16135.199,15835.82902,15881.76901,16011.58497,63864.382
