Term,A,B,C,D,Total
UA_Transvib,2228.23070482747,2220.68635627073,2257.41534019984,2265.43786458055,8971.77026587859
UA_Rovib,449.467876910661,433.988264718737,434.267826778976,452.391905627063,1770.11587403544
UA_Conf,1575.40000769832,1561.87961951047,1526.78853816265,1403.72236290352,6067.79052827497
Res_Transvib,2479.11993617487,2470.34095877673,2548.62158593095,2518.02133697806,10016.1038178606
Res_Rovib,942.893100198073,1324.53107886494,1658.25058318986,1429.16237964543,5354.83714189831
Res_Conf,68.4200624758427,72.9019987081718,59.9900287654497,61.5490614400027,262.861151389467
P_Transvib,50.0961913755123,50.1460422529814,50.7407860617484,51.0003769935601,201.983396683802
P_Rovib,26.7663907526532,28.8684178741459,38.0903709252209,31.0405985879113,124.765778139931
Total,7820.3942704134,8163.34273697692,8574.1650600147,8212.3258867561,32770.2279541611
