Term,A,B,C,D,Total
UA_Transvib,2202.619684,2200.777389,2242.774309,2255.482801,8901.654182
UA_Rovib,2448.857054,2405.749257,2455.345342,2490.471796,9800.42345
UA_Conf,1586.519101,1571.523259,1546.240886,1419.355089,6123.638336
Res_Transvib,2450.205533,2453.396042,2512.902463,2492.939079,9909.443117
Res_Rovib,1782.035028,2535.732025,2765.996663,2666.237385,9750.001101
Res_Conf,70.9308162,74.98599392,63.57873568,69.87961677,279.3751626
P_Transvib,67.34361309,67.22107129,67.90611283,68.13938812,270.6101853
P_Rovib,40.81071819,42.54549024,49.4167542,45.81403545,178.5869981
Total,10649.32155,11351.93053,11704.16127,11508.31919,45213.73253
