Term,A,B,C,D,Total
UA_Transvib,2249.57576191691,2234.42984163141,,,4484.00560354833
UA_Rovib,2830.61354120242,2795.44442435379,,,5626.05796555621
UA_Conf,1556.50976111996,1526.07336389148,,,3082.58312501143
Res_Transvib,2504.47175659992,2494.19672469854,,,4998.66848129846
Res_Rovib,2919.08109250262,3519.43319721033,,,6438.51428971294
Res_Conf,66.122866073862,70.70052587133,,,136.823391945192
P_Transvib,67.1438457165491,67.2755355377593,,,134.419381254308
P_Rovib,47.3200738065007,48.6623902742764,,,95.982464080777
Total,12240.8386989387,12756.2160034689,0,0,24997.0547024077
