Term,A,B,C,D,Total
UA_Transvib,2298.8134637405,2286.71121119454,2328.2292219305,2314.96677294215,9228.72066980769
UA_Rovib,3767.44955238955,3635.84998826245,3875.1403878454,3892.65493474235,15171.0948632398
UA_Conf,1513.46610322483,1480.32908788504,1440.28444889367,1349.41824987131,5783.49788987484
Res_Transvib,2621.82107340427,2625.76251973451,2732.95437172895,2647.69611365998,10628.2340785277
Res_Rovib,3619.79579425745,3814.3941605858,3871.01681117654,3329.99054884732,14635.1973148671
Res_Conf,50.8377272180886,60.7638462201292,50.451995110871,53.1257496505154,215.179318199604
P_Transvib,67.1307825306614,67.5061180647873,67.6057076199196,67.9657793159109,270.208387531279
P_Rovib,48.7188222799745,50.3068464194288,62.0563842625616,44.3279825362345,205.410035498199
Total,13988.0333190453,14021.6237783667,14427.7393285684,13700.1461315658,56137.5425575462
