Term,A,B,C,D,Total
UA_Transvib,2202.61968413902,2200.77738879585,2242.77430857651,2255.48280089318,8901.65418240456
UA_Rovib,407.336441611721,395.729193380392,411.383254426043,421.658854558608,1636.10774397676
UA_Conf,1586.51910129359,1571.5232594292,1546.24088646849,1419.35508882428,6123.63833601556
Res_Transvib,2450.20553322469,2453.39604199582,2512.90246272974,2492.93907898385,9909.4431169341
Res_Rovib,884.390146431614,1260.96865515985,1354.52388947319,1317.4997899297,4817.38248099435
Res_Conf,70.9308161979666,74.9859939157778,63.5787356811084,69.8796167749804,279.375162569833
P_Transvib,50.1581499225972,50.0366196283975,50.7160601768747,50.947497633777,201.858327361646
P_Rovib,25.0148415171989,26.843287359155,32.7580959023729,29.452407362476,114.068632141203
Total,7677.1747143384,8034.26043966443,8214.87769343433,8057.21513496086,31983.527982398
