Term,A,B,C,D,Total
UA_Transvib,2373.561371,2371.054182,2379.093287,2376.25771,9499.96655
UA_Rovib,4453.218006,4430.082451,4492.400289,4428.690387,17804.39113
UA_Conf,1460.821402,1538.683868,1441.07514,1414.441951,5855.022361
Res_Transvib,2886.72493,2905.351744,2962.052003,2868.458063,11622.58674
Res_Rovib,4362.389715,4085.507222,4092.822742,4094.46416,16635.18384
Res_Conf,50.31894521,47.90132226,48.99209977,41.00616649,188.2185337
P_Transvib,67.63816488,67.09769743,67.62092361,67.45856194,269.8153479
P_Rovib,63.39147951,63.50928237,62.5092773,63.84907051,253.2591097
Total,15718.06401,15509.18777,15546.56576,15354.62607,62128.44361
