Term,A,B,C,D,Total,Average Per Chain
UA_Transvib,2215.61675372146,2214.73399300051,2202.72802829543,2223.29389203426,8856.37266705167,2214.09316676292
UA_Rovib,2776.69425815288,2717.23765900869,2721.76127361587,2787.1377945186,11002.830985296,2750.70774632401
UA_Conf,1475.9037738717,1593.0692765767,1621.12789480182,1528.28460896009,6218.3855542103,1554.59638855258
Res_Transvib,2464.1725802835,2458.42886340906,2454.85335432431,2473.36687004049,9850.82166805736,2462.70541701434
Res_Rovib,2091.80321045473,2049.79173817176,1882.83041962091,2216.51193312822,8240.93730137562,2060.23432534391
Res_Conf,70.5080288373598,69.3309213551421,71.6483411447314,55.540549561552,267.027840898785,66.7569602246963
P_Transvib,67.5507476759012,67.4877407011519,67.4614761587932,67.8998213061873,270.399785842034,67.5999464605084
P_Rovib,39.0145285279223,42.5048374466837,39.7939146661079,40.8465832371507,162.159863877865,40.5399659694662
Total,11201.2638815254,11212.5850296697,11062.204702628,11392.8820527865,44868.9356666097,11217.2339166524
