Term,A,B,C,D,Total,Average Per Chain
UA_Transvib,2335.46523847196,2321.574281562,2337.38046011846,2349.09175281786,9343.51173297027,2335.87793324257
UA_Rovib,3707.09835600519,3600.99608646918,3629.27700261803,3792.77301064208,14730.1444557345,3682.53611393362
UA_Conf,1519.75136906016,1579.72513774153,1528.17925880242,1461.27629199637,6088.93205760048,1522.23301440012
Res_Transvib,2897.24330141432,2832.03962028708,2781.82573702236,2814.68426582038,11325.7929245441,2831.44823113603
Res_Rovib,4187.2568538186,4036.09483025659,3817.99171045415,3876.19028199826,15917.5336765276,3979.3834191319
Res_Conf,46.8818601425478,55.7573344863297,50.9931609271887,30.7603706193821,184.392726175448,46.0981815438621
P_Transvib,67.2661876187239,67.2238799827325,67.1842618553382,67.9998138744734,269.674143331268,67.418535832817
P_Rovib,64.0650379542971,63.5082645265634,48.5953381348485,50.0463132795738,226.214953895283,56.5537384738207
Total,14825.0282044858,14556.919435312,14261.4269299328,14442.8221010484,58086.196670779,14521.5491676947
