Term,A,B,C,D,Total,Average Per Chain
UA_Transvib,2197.81421418552,2205.08259477611,2237.50522859697,2229.03197625113,8869.43401380974,2217.35850345243
UA_Rovib,2638.21785566929,2489.54171134026,2521.45030471294,2557.85142710081,10207.0612988233,2551.76532470583
UA_Conf,1529.61793974809,1552.32023861608,1552.25465080784,1479.33874204782,6113.53157121983,1528.38289280496
Res_Transvib,2470.94851105006,2495.79356457253,2520.01676161324,2504.04744823169,9990.80628546752,2497.70157136688
Res_Rovib,1487.55169889765,2571.29351917911,3018.96970935803,3147.86389705884,10225.6788244936,2556.41970612341
Res_Conf,73.2914528754497,70.9554281151994,70.3220535632749,59.876555841045,274.445490394969,68.6113725987423
P_Transvib,67.0729312033199,67.5386344425841,67.4551999467264,67.6987904337292,269.76555602636,67.4413890065899
P_Rovib,44.5889371521787,46.5149963417535,51.7504416234612,48.0734828849031,190.927858002296,47.7319645005741
Total,10509.1035407816,11499.0406873836,12039.7243502225,12093.78231985,46141.6508982377,11535.4127245594
