Term,A,B,C,D,Total,Average Per Chain
UA_Transvib,2240.55082454691,2237.30308126015,2253.17734491129,2253.60111369357,8984.63236441192,2246.15809110298
UA_Rovib,2870.40930425174,2745.82526818598,2786.70164817242,2812.66031130922,11215.5965319194,2803.89913297984
UA_Conf,1492.98377960018,1543.26054833611,1554.93220034935,1431.91339118827,6023.0899194739,1505.77247986848
Res_Transvib,2523.78274020212,2548.07627025457,2561.80652949219,2548.83888874504,10182.5044286939,2545.62610717348
Res_Rovib,3322.97362283425,3308.65417306226,3700.58052011721,3710.30159432399,14042.5099103377,3510.62747758443
Res_Conf,70.6027798858693,69.5396720951959,66.8372265397815,56.6230432939458,263.602721814792,65.9006804536981
P_Transvib,67.1527459249458,67.4555535302496,67.3380236507435,67.8163500780188,269.762673183958,67.4406682959894
P_Rovib,50.707800892525,54.0918378846782,62.9379122295546,63.8609133612806,231.598464368038,57.8996160920096
Total,12639.1635981385,12574.2064046092,13054.3114054625,12945.6156059933,51213.2970142036,12803.3242535509
