Term,A,B,C,D,Total,Average Per Chain
UA_Transvib,2323.59124675135,2312.50239729025,2323.87779055833,2328.97118809593,9288.94262269587,2322.23565567397
UA_Rovib,4138.99966295707,4006.40002474414,4001.07029613726,4079.12191106595,16225.5918949044,4056.39797372611
UA_Conf,1406.24578742484,1475.99898314907,1505.60665264288,1384.00652596369,5771.85794918048,1442.96448729512
Res_Transvib,2671.88012455879,2663.48016979912,3876.98206602374,2674.12013454411,11886.4624949258,2971.61562373144
Res_Rovib,4112.66191795896,3877.21046076973,3876.98206602374,3878.60756172695,15745.4620064794,3936.36550161984
Res_Conf,54.6182491595567,57.5768632023038,56.7723145720506,44.6031186449273,213.570545578838,53.3926363947096
P_Transvib,66.7757898025379,67.7282510684652,67.102884318016,67.7588121757628,269.365737364782,67.3414343411955
P_Rovib,61.3380933950424,63.0627588246069,63.4634790588868,64.1459148766193,252.010246155155,63.0025615387888
Total,14836.1108720082,14523.9599088477,15771.8575493349,14521.3351670939,59653.2634972847,14913.3158743212
