Term,A,B,C,D,Total,Average Per Chain
UA_Transvib,2323.59124675135,2312.50239729025,2323.87779055833,2328.97118809593,9288.94262269587,2322.23565567397
UA_Rovib,1004.99696077017,936.861887729463,904.204688883785,951.457975475275,3797.5215128587,949.380378214674
UA_Conf,1406.24578742484,1475.99898314907,1505.60665264288,1384.00652596369,5771.85794918048,1442.96448729512
Res_Transvib,2671.88012455879,2663.48016979912,2681.55980853163,2674.12013454411,10691.0402374337,2672.76005935841
Res_Rovib,2224.91233760941,1991.45863506356,1992.36344094147,1993.81957486142,8202.55398847586,2050.63849711897
Res_Conf,54.6182491595567,57.5768632023038,56.7723145720506,44.6031186449273,213.570545578838,53.3926363947096
P_Transvib,49.5952460453103,50.5397598501861,49.9194519831912,50.569973673781,200.624431552469,50.1561078881171
P_Rovib,44.2182974398601,45.9206459581932,46.3239919450781,46.9986871241103,183.461622467242,45.8654056168104
Total,9780.05824975929,9534.33934204215,9560.62814005842,9474.54717838324,38349.5729102431,9587.39322756078
