Term,A,B,C,D,Total
UA_Transvib,2355.206192,2358.106052,2384.041302,2367.538231,9464.891778
UA_Rovib,4285.960605,4232.615156,4134.553276,4278.764651,16931.89369
UA_Conf,1414.874616,1421.769015,1469.286839,1469.951493,5775.881962
Res_Transvib,2872.795869,2859.345987,2854.771666,2931.821484,11518.73501
Res_Rovib,4336.825994,4096.384236,4082.38852,4094.593235,16610.19198
Res_Conf,49.54404001,50.08296367,46.74745381,37.24961526,183.6240727
P_Transvib,67.28642261,67.13561313,67.39549979,68.58338111,270.4009166
P_Rovib,63.23637949,62.92497564,63.43164189,63.77964331,253.3726403
Total,15445.73012,15148.364,15102.6162,15312.28173,61008.99205
