Term,A,B,C,D,Total,Average Per Chain
UA_Transvib,2278.40178002201,2264.41367216153,2278.79168281167,2278.62855145488,9100.23568645009,2275.05892161252
UA_Rovib,631.830446376849,582.007002765923,569.573102388366,584.151694470623,2367.56224600176,591.89056150044
UA_Conf,1464.79407029373,1514.41708754511,1550.32315126003,1412.49628692258,5942.03059602146,1485.50764900536
Res_Transvib,2594.68778123444,2593.17864733289,2600.58456145935,2583.50551400314,10371.9565040298,2592.98912600746
Res_Rovib,1959.84349888329,1870.61231984439,1866.11250365132,1873.63038768838,7570.19871006737,1892.54967751684
Res_Conf,61.0331544845764,65.9222215692825,63.9293687351022,52.7129210148825,243.597665803844,60.8994164509609
P_Transvib,49.8997541235912,50.2614417728002,50.0776590210146,50.5472183950204,200.786073312426,50.1965183281066
P_Rovib,45.0074377360426,45.8111681122856,46.3225577822187,46.8433675054786,183.984531136025,45.9961327840064
Total,9085.49792315452,8986.62356110421,9025.71458710907,8882.51594145499,35980.3520128228,8995.0880032057
