Term,A,B,C,D,Total,Average Per Chain
UA_Transvib,2278.40178002201,2264.41367216153,2278.79168281167,2278.62855145488,9100.23568645009,2275.05892161252
UA_Rovib,3121.56553245945,3019.97866778331,3051.48570463247,3071.10172827902,12264.1316331542,3066.03290828856
UA_Conf,1464.79407029373,1514.41708754511,1550.32315126003,1412.49628692258,5942.03059602146,1485.50764900536
Res_Transvib,2594.68778123444,2593.17864733289,2600.58456145935,2583.50551400314,10371.9565040298,2592.98912600745
Res_Rovib,3838.21380425061,3749.05281102461,3744.8456552945,3752.65998752249,15084.7722580922,3771.19306452305
Res_Conf,61.0331544845764,65.9222215692825,63.9293687351022,52.7129210148825,243.597665803844,60.8994164509609
P_Transvib,67.0830411977902,67.4477398376604,67.2624472516726,67.7358998763753,269.529128163499,67.3822820408746
P_Rovib,62.1370557373903,62.9503906498957,63.4637684868893,63.9921488248303,252.543363699006,63.1358409247514
Total,13487.91621968,13337.3612379043,13420.6863399317,13282.8330378982,53528.7968354142,13382.1992088535
