Term,A,B,C,D,Total,Average Per Chain
UA_Transvib,2398.78713578443,2358.83370672797,2400.39308929382,2390.27924421852,9548.29317602473,2387.07329400618
UA_Rovib,4673.97678607984,4472.08895965311,4605.10367329405,4660.52741215286,18411.6968311799,4602.92420779497
UA_Conf,1414.82280727127,1507.13265000406,1437.11637449927,1449.76992556004,5808.84175733464,1452.21043933366
Res_Transvib,2911.61494005222,2858.97038059453,2909.1154413233,2878.96966738918,11558.6704293592,2889.66760733981
Res_Rovib,4382.6377117944,3966.18589239976,4076.91448838462,4115.29976472459,16541.0378573034,4135.25946432584
Res_Conf,52.6604113160705,55.3310191347241,48.8325049758432,47.1928216145625,204.0167570412,51.0041892603
P_Transvib,67.1239898174864,67.3534166511604,67.6693263530864,67.7224047446225,269.869137566356,67.467284391589
P_Rovib,63.5848961258781,55.4070689586108,63.442858029873,63.983325056589,246.418148170951,61.6045370427377
Total,15965.2086782416,15341.3030941239,15608.5877561539,15673.744565461,62588.8440939803,15647.2110234951
