Term,A,B,C,D,Total
UA_Transvib,2356.130701,2365.896741,2362.430356,2344.938572,9429.39637
UA_Rovib,4052.800256,4064.104374,4029.579493,4069.596386,16216.08051
UA_Conf,1420.668566,1423.39061,1443.974148,1505.376237,5793.409561
Res_Transvib,2868.671275,2955.834574,2921.432342,2865.276001,11611.21419
Res_Rovib,4293.590517,4082.634329,4087.126285,4076.924461,16540.27559
Res_Conf,54.2415253,47.03687272,50.45751051,50.70940005,202.4453086
P_Transvib,67.27461581,67.96696072,67.70368798,67.64628283,270.5915473
P_Rovib,63.44683192,63.32724727,64.01910573,63.84287869,254.6360636
Total,15176.82429,15070.19171,15026.72293,15044.31022,60318.04915
