Term,A,B,C,D,Total
UA_Transvib,2203.462442,2170.457388,2201.575964,2195.715884,8771.211678
UA_Rovib,431.278981,421.7375257,427.6819081,404.7868896,1685.485304
UA_Conf,1623.17905,1630.003508,1483.295297,1516.269201,6252.747056
Res_Transvib,2443.190385,2437.598595,2447.238817,2454.5787,9782.606497
Res_Rovib,849.9198159,883.4150515,962.5735537,1223.898442,3919.806863
Res_Conf,75.76130014,74.10309702,58.92449434,68.58091365,277.3698052
P_Transvib,50.05493762,50.028335,50.6375843,50.9276572,201.6485141
P_Rovib,25.15671589,23.64748632,25.29784747,26.4298348,100.5318845
Total,7702.003629,7690.990987,7657.225465,7941.187522,30991.4076
