Term,A,B,C,D,Total,Average Per Chain
UA_Transvib,2211.0990678377,2188.40398386705,2227.7321982923,2216.26544415177,8843.50069414882,2210.87517353721
UA_Rovib,437.434923103956,430.333020903862,431.866604625263,412.760981312236,1712.39552994532,428.098882486329
UA_Conf,1593.50026887155,1617.41592099867,1478.82946745762,1525.18187034318,6214.92752767102,1553.73188191776
Res_Transvib,2453.30785493509,2454.56690774171,2471.65397188547,2489.29361558947,9868.82235015174,2467.20558753794
Res_Rovib,931.027788935389,972.474028758589,1138.33969383685,1246.58965957831,4288.43117110914,1072.10779277728
Res_Conf,73.8738614494747,73.3611783396765,59.6143686367451,65.9758743987871,272.825282824683,68.2063207061709
P_Transvib,50.1531686252653,50.0211145812003,50.6051289062913,50.8513309385596,201.630743051317,50.4076857628291
P_Rovib,25.3042787187041,25.0729175916382,25.0729175916382,28.5773701580088,104.027484059989,26.0068710149973
Total,7775.70121247712,7811.6490727824,7883.71435123218,8035.49614647032,31506.560782962,7876.64019574051
