Term,A,B,C,D,Total,Average Per Chain
UA_Transvib,2228.91023845909,2219.99406705113,2246.70630413563,2232.59504207544,8928.2056517213,2232.05141293033
UA_Rovib,2721.39713255943,2627.02530862119,2689.35442272463,2600.3629813463,10638.1398452515,2659.53496131289
UA_Conf,1588.34723545163,1626.57004879716,1460.36852489766,1516.81731703625,6192.1031261827,1548.02578154568
Res_Transvib,2485.36389225689,2495.35474651969,2509.7605481196,2539.05195424648,10029.5311411427,2507.38278528567
Res_Rovib,2873.7987033813,2612.53097167079,2982.06335901616,2799.54136570244,11267.9343997707,2816.98359994267
Res_Conf,70.2661508881182,71.5629069713453,58.0509883291793,64.1348553946285,264.014901583271,66.0037253958178
P_Transvib,67.3708740074468,67.2470863237355,67.7178253014183,68.0302844087428,270.366070041343,67.5915175103359
P_Rovib,47.8709119768348,45.85424111336,48.4665148051826,48.4537720019117,190.645439897289,47.6613599743223
Total,12083.3251389807,11766.1393770684,12062.4884873295,11868.9875722122,47780.9405755908,11945.2351438977
