Term,A,B,C,D,Total,Average Per Chain
UA_Transvib,2398.78713578443,2358.83370672797,2400.39308929382,2390.27924421852,9548.29317602473,2387.07329400618
UA_Rovib,1258.0227554797,1152.76511011159,1208.7249357448,1228.32791370383,4847.84071503992,1211.96017875998
UA_Conf,1414.82280727127,1507.13265000406,1437.11637449927,1449.76992556004,5808.84175733464,1452.21043933366
Res_Transvib,2911.61494005222,2858.97038059453,2909.11544132331,2878.96966738918,11558.6704293592,2889.66760733981
Res_Rovib,2487.4539168614,2125.27474589368,2188.79375274401,2216.49307804882,9018.0154935479,2254.50387338698
Res_Conf,52.6604113160705,55.3310191347241,48.8325049758432,47.1928216145625,204.0167570412,51.0041892603
P_Transvib,49.9404027219801,50.1680260751668,50.4812863782078,50.533977018302,201.123692193657,50.2809230484142
P_Rovib,46.4402267665999,38.4232727850365,46.2963417675767,46.8306466152697,177.990487934483,44.4976219836207
Total,10619.7425962537,10146.8989113268,10289.7537267268,10308.3972741685,41364.7925084758,10341.1981271189
