Term,A,B,C,D,Total,Average Per Chain
UA_Transvib,2264.96323859694,2252.6121585146,2279.40857188663,2260.99176174062,9057.97573073879,2264.4939326847
UA_Rovib,3268.00077467404,3103.06936234998,3236.49220678967,3251.98619169988,12859.5485355136,3214.88713387839
UA_Conf,1547.35337152748,1580.49098398028,1428.02766593275,1511.36233608356,6067.23435752407,1516.80858938102
Res_Transvib,2567.48306233345,2567.81295121136,2535.70146138549,2571.61660892361,10242.6140838539,2560.65352096348
Res_Rovib,3745.97535709656,3645.22230275731,3062.3003407097,2854.21011012764,13307.7081106912,3326.9270276728
Res_Conf,66.8583648141578,68.4560407619126,61.6010147897808,62.9617564093691,259.87717677522,64.9692941938051
P_Transvib,67.4157230656577,67.2470704098304,67.6706658195786,68.1126057432079,270.446065038275,67.6115162595687
P_Rovib,60.2455991660451,60.4508955445099,49.2020736640577,48.5029925913851,218.401560965998,54.6003902414995
Total,13588.2954912743,13345.3617655298,12720.4040009777,12629.7443633193,52283.805621101,13070.9514052753
