Term,A,B,C,D,Total,Average Per Chain
UA_Transvib,2264.96323859694,2252.6121585146,2279.40857188663,2260.99176174062,9057.97573073879,2264.4939326847
UA_Rovib,681.996373435844,626.654816135556,639.228627315203,659.675167792201,2607.5549846788,651.888746169701
UA_Conf,1547.35337152748,1580.49098398028,1428.02766593275,1511.36233608356,6067.23435752407,1516.80858938102
Res_Transvib,2567.48306233345,2567.81295121136,2535.70146138549,2571.61660892361,10242.6140838539,2560.65352096348
Res_Rovib,1914.24340594507,1809.76744387824,1535.84661042121,1440.85158925765,6700.70904950217,1675.17726237554
Res_Conf,66.8583648141578,68.4560407619126,61.6010147897808,62.9617564093691,259.87717677522,64.9692941938051
P_Transvib,50.229661917025,50.0624302229375,50.4825423798379,50.9209296429275,201.695564162728,50.423891040682
P_Rovib,43.1453033167353,43.3495924912997,32.6272046935431,32.2651263749616,151.38722687654,37.8468067191349
Total,9136.27278188669,8999.20641719619,8562.92369880445,8590.6452762249,35289.0481741122,8822.26204352806
