Term,A,B,C,D,Total
UA_Transvib,2244.27141740459,2228.34597397974,2263.75120402108,2275.76765922359,9012.136254629
UA_Rovib,548.449980883477,498.340008667899,542.596952165158,563.491792110594,2152.87873382713
UA_Conf,1467.15179700042,1598.53913068783,1528.82102374032,1505.8679019903,6100.37985341886
Res_Transvib,2507.94006699036,2539.93629838461,2561.41796059986,2573.72996514042,10183.0242911153
Res_Rovib,1374.74112702086,1797.02756417164,1785.76146762528,1862.72642908046,6820.25658789825
Res_Conf,67.2570333355832,66.3303103759699,56.6082470134598,56.0130630555506,246.208653780563
P_Transvib,50.2558025743426,50.0473212149102,50.4329356735794,50.6618199098804,201.397879372713
P_Rovib,32.1677075958865,36.5894549603227,34.5943712567563,41.9652719826959,145.316805795661
Total,8292.23493280552,8815.15606244293,8823.98416209549,8930.2239024935,34861.5990598374
