Term,A,B,C,D,Total
UA_Transvib,2341.32514,2343.008278,2367.647585,2376.436921,9428.417923
UA_Rovib,3974.260884,4060.553021,4082.886562,4112.831606,16230.53207
UA_Conf,1455.262881,1511.175635,1445.274417,1385.254702,5796.967636
Res_Transvib,2860.709108,2859.137886,2877.341957,2913.847827,11511.03678
Res_Rovib,4286.770876,4070.581672,4064.45988,4079.628035,16501.44046
Res_Conf,56.2094582,54.0782731,48.12458958,45.37108108,203.783402
P_Transvib,67.44397205,67.93755863,67.6783204,67.56466755,270.6245186
P_Rovib,63.33648152,62.97240137,63.94923555,63.73580784,253.9939263
Total,15105.3188,15029.44473,15017.36255,15044.67065,60196.79672
