Term,A,B,C,D,Total,Average Per Chain
UA_Transvib,2341.32513955682,2343.00827767448,2367.64758487312,2376.4369212838,9428.41792338821,2357.10448084705
UA_Rovib,915.972472321417,961.666232123675,959.958472995507,974.490387097137,3812.08756453774,953.021891134434
UA_Conf,1455.26288115303,1511.17563531736,1445.27441711539,1385.25470213702,5796.96763572279,1449.2419089307
Res_Transvib,2860.70910841041,2859.13788610312,2877.34195730462,2913.84782737634,11511.0367791945,2877.75919479862
Res_Rovib,2393.73301670924,2175.63557076097,2170.24483076236,2187.93396726659,8927.54738549916,2231.88684637479
Res_Conf,56.2094582024437,54.0782730958695,48.1245895772208,45.3710810805936,203.783401956128,50.9458504890319
P_Transvib,50.2579202771465,50.7474740423862,50.490316114684,50.3774803454772,201.873190779694,50.4682976949235
P_Rovib,46.1928368132868,45.8376415707789,46.7985279782282,46.585857770296,185.41486413259,46.3537160331475
Total,10119.6628334438,10001.2869906886,9965.88069672113,9980.29822435726,40067.1287452108,10016.7821863027
