Term,A,B,C,D,Total
UA_Transvib,2192.737076,2192.144552,2190.969079,2190.33032,8766.181027
UA_Rovib,413.3278094,404.6936258,417.7037878,438.6165387,1674.341762
UA_Conf,1537.591175,1596.062538,1552.140423,1586.642808,6272.436944
Res_Transvib,2434.950777,2451.703727,2447.743034,2474.586149,9808.983687
Res_Rovib,277.1342732,982.7725814,830.3081511,857.5096505,2947.724656
Res_Conf,73.58127864,74.40610615,70.28833346,72.01055937,290.2862776
P_Transvib,50.3980128,49.93598234,50.33976919,50.4503698,201.1241341
P_Rovib,23.67709078,25.18042228,25.74119131,26.65676117,101.2554655
Total,7003.397493,7776.899534,7585.233769,7696.803158,30062.33395
