Term,A,B,C,D,Total
UA_Transvib,2211.20073936861,2204.3164783881,2218.34068690881,2209.09396735602,8842.95187202154
UA_Rovib,2552.61430836651,2558.0300438346,2597.10157057285,2665.00079421458,10372.7467169885
UA_Conf,1538.93730911187,1597.72296530832,1559.35560062982,1576.32268236708,6272.3385574171
Res_Transvib,2460.84101662526,2461.71601023835,2475.24656834697,2491.43031342452,9889.2339086351
Res_Rovib,1496.86514129173,2792.44484820458,2369.64283667621,1832.20644707975,8491.15927325227
Res_Conf,72.0319300740133,72.4123394008475,65.5330494939293,69.1138707844355,279.091189753226
P_Transvib,67.5547039832541,67.2503480146841,67.5607897761859,67.6583031655879,270.024144939712
P_Rovib,42.5414708674549,45.3087194657979,44.2789893154977,46.6144341134772,178.743613762228
Total,10442.5866196887,11799.2017528553,11397.0600917203,10957.4408125055,44596.2892767697
