Term,Rep_1,Rep_3,Rep_5,Mean
UA_Transvib,95.3882984845517,96.0361304696737,92.6609583120577,94.695129088761
UA_Rovib,36.4939728828203,37.2685474195565,35.1557459548708,36.3060887524159
UA_Conf,28.0465710877087,28.9381468478162,28.6289625945738,28.5378935100329
Res_Transvib,41.4837791420458,41.0537698187948,41.209663760154,41.2490709069982
Res_Rovib,37.0610212500697,37.4398802053119,36.7281279058583,37.0763431204133
Total,238.473642847196,240.736474761153,234.383458527515,237.864525378621
