Term,Rep_1,Rep_3,Rep_5,Mean
UA_Transvib,90.9060253128764,90.786496247058,90.5425848303881,90.7450354634408
UA_Rovib,2.03E-10,2.92E-06,1.29E-08,9.77643816352199E-07
UA_Conf,29.6456572410649,29.773728927106,29.8434776683119,29.7542879454942
Res_Transvib,41.478740912161,41.2068254269321,41.2459344041643,41.3105002477525
Res_Rovib,13.6625378904204,12.7885899532017,15.8723720083899,14.107833284004
Total,175.692961356725,174.555643474115,177.504368924166,175.917657918335
