Term,Rep_1,Rep_3,Rep_5,Mean
UA_Transvib,93.7634198750171,93.4996138210639,92.2429817067297,93.1686718009369
UA_Rovib,14.8524427501161,0.128772456799384,2.83822615973129,5.93981378888226
UA_Conf,28.7759949285292,29.6865214325928,30.5913054807703,29.6846072806307
Res_Transvib,41.6714409998006,41.4055131741444,41.4849490058009,41.5206343932486
Res_Rovib,19.6711283885145,9.7577287030988,14.5518736055186,14.6602435657106
Total,198.734426941978,174.478149587699,181.709335958551,184.973970829409
