Term,A,B,C,D,Total
UA_Transvib,2256.28354663571,2237.48696784922,2288.7263533551,2272.70520961092,9055.20207745095
UA_Rovib,3088.11501281788,3074.47922806047,3156.51988780323,3160.54479692266,12479.6589256042
UA_Conf,1544.35877625559,1510.63579829855,1456.24227330131,1364.68526004182,5875.92210789726
Res_Transvib,2508.7652421054,2505.23980378696,2604.69933497905,2548.0474520868,10166.7518329582
Res_Rovib,2932.46967493829,3534.19825713338,3563.09719705958,3027.97607819483,13057.7412073261
Res_Conf,61.3387326887865,67.6669548865521,52.0841793007805,58.2506787572601,239.340545633379
P_Transvib,67.1560099125855,67.3715288282416,67.7661403891606,68.0454467525904,270.339125882578
P_Rovib,44.0425300857776,45.3207442366299,55.8918940147574,44.1114540835013,189.366622420666
Total,12502.52952544,13042.39928308,13245.027260203,12544.3663764504,51334.3224451734
