Term,A,B,C,D,Total
UA_Transvib,2298.8134637405,2286.71121119454,2328.2292219305,2314.96677294215,9228.72066980769
UA_Rovib,821.051437793328,759.15210285076,861.465439283732,846.520547079908,3288.18952700773
UA_Conf,1513.46610322483,1480.32908788504,1440.28444889367,1349.41824987131,5783.49788987484
Res_Transvib,2621.82107340427,2625.76251973451,2732.95437172895,2647.69611365998,10628.2340785277
Res_Rovib,1936.91506332893,1936.28348055773,1986.22819351099,1709.3115944742,7568.73833187185
Res_Conf,50.8377272180886,60.7638462201292,50.451995110871,53.1257496505154,215.179318199604
P_Transvib,49.9471205109966,50.3193396604499,50.4181196558251,50.7753532088783,201.45993303615
P_Rovib,31.9314522124621,33.4953881362053,44.9333260555262,28.0166867900067,138.3768531942
Total,9324.78344143341,9232.81697623936,9494.96511617007,8999.83106767695,37052.3966015198
