Term,A,B,C,D,Total
UA_Transvib,2361.49046181355,2360.53059849043,2379.68146108825,2380.74080221106,9482.4433236033
UA_Rovib,4313.96079902824,4243.94020356039,4457.93479272604,4511.12657365688,17526.9623689715
UA_Conf,1484.19673548115,1442.70625103062,1417.7383136334,1315.06702133867,5659.70832148384
Res_Transvib,2872.42067663763,2852.48115337803,2935.77248126921,2853.31590990953,11513.9902211944
Res_Rovib,4142.41262871739,4071.09396022085,4093.3999403814,4072.76211751121,16379.6686468308
Res_Conf,51.6239696043914,54.0745129135652,39.5588609192318,40.1304749799132,185.387818417102
P_Transvib,66.9130281564908,67.2061514894122,67.3413961852938,67.8387730756444,269.299348906841
P_Rovib,55.7918517441832,55.4101484122882,62.7502114966939,49.1765644650926,223.128776118258
Total,15348.810151183,15147.4429794956,15454.1774576995,15290.158237148,61240.5888255261
