Term,A,B,C,D,Total
UA_Transvib,2256.28354663571,2237.48696784922,2288.7263533551,2272.70520961092,9055.20207745095
UA_Rovib,569.656685651504,564.218188982359,582.02904683553,576.042148777053,2291.94607024645
UA_Conf,1544.35877625559,1510.63579829855,1456.24227330131,1364.68526004182,5875.92210789726
Res_Transvib,2508.7652421054,2505.23980378696,2604.69933497905,2548.0474520868,10166.7518329582
Res_Rovib,1498.80131349037,1742.47567901599,1787.15917401873,1516.67976441159,6545.11593093668
Res_Conf,61.3387326887865,67.6669548865521,52.0841793007805,58.2506787572601,239.340545633379
P_Transvib,49.9721559482459,50.1858476142362,50.577201082264,50.8543429392832,201.589547584029
P_Rovib,27.4984616617301,28.7445237525566,38.9065872352492,28.1520430775429,123.301615727079
Total,8516.67491443733,8706.65376418644,8860.42415010801,8415.41689970227,34499.169728434
