Term,A,B,C,D,Total
UA_Transvib,2249.57576191691,2234.42984163141,2270.29965405622,2269.15456395535,9023.4598215599
UA_Rovib,499.11596686616,492.233932316541,468.218889086734,503.340884306901,1962.90967257634
UA_Conf,1556.50976111996,1526.07336389148,1506.93799808437,1400.12504577376,5989.64616886957
Res_Transvib,2504.47175659992,2494.19672469854,2574.73495194833,2528.59221244358,10101.9956456904
Res_Rovib,1476.33212529713,1724.68729853959,1755.26908048033,1495.13600050248,6451.42450481953
Res_Conf,66.122866073862,70.70052587133,58.1772448290572,59.7688572360413,254.76949401029
P_Transvib,49.9600989765819,50.0906462080077,50.6043001843937,50.8982689110284,201.553314280012
P_Rovib,30.5983542152006,31.9095164378775,40.7627933147816,29.7048554245686,132.975519392428
Total,8432.68669106572,8624.32184959478,8725.00491198422,8336.72068855371,34118.7341411984
