Term,A,B,C,D,Total,Average Per Chain
UA_Transvib,2216.03955635378,2213.44393302427,2200.22939101393,2219.06963363827,8848.78251403024,2212.19562850756
UA_Rovib,2898.50264621092,2825.13537030962,2805.96439566205,2895.63538762926,11425.2377998119,2856.30944995296
UA_Conf,1475.7099581802,1575.93176626076,1601.9274437568,1518.84065573668,6172.40982393443,1543.10245598361
Res_Transvib,2471.51184971023,2457.71130718053,2451.4343118587,2474.09318270207,9854.75065145153,2463.68766286288
Res_Rovib,2406.58800039415,2042.46645166492,1872.14533380565,2212.8824432959,8534.0822291606,2133.52055729015
Res_Conf,66.5395068065115,70.1064460033089,67.2688864051782,52.4444030061494,256.359242221148,64.089810555287
P_Transvib,67.5372255813809,67.639734657213,67.4627933646319,67.9221096969396,270.561863300165,67.6404658250414
P_Rovib,39.3936243841336,40.0705804524594,37.2299355156747,38.6009890430793,155.295129395347,38.8237823488367
Total,11641.8223676213,11292.5055895531,11103.6624913826,11479.4888047483,45517.4792533053,11379.3698133263
