Term,A,B,C,D,Total,Average Per Chain
UA_Transvib,2301.01273312179,2291.55315280823,2264.03561210819,2286.09518363179,9142.69668167,2285.6741704175
UA_Rovib,3565.86596113477,3437.81250312182,3448.20509862317,3600.86613667629,14052.7496995561,3513.18742488901
UA_Conf,1493.89978646536,1543.46569430267,1529.37575064647,1490.8255999023,6057.56683131679,1514.3917078292
Res_Transvib,2675.95808281519,2615.07586915473,2587.1180837507,2585.41785350563,10463.5698892262,2615.89247230656
Res_Rovib,3726.29588613961,3688.98150908202,2696.82710102941,2766.26165023997,12878.366146491,3219.59153662275
Res_Conf,54.6336442925225,61.7994475421277,51.7792885292204,40.1657385167216,208.378118880592,52.094529720148
P_Transvib,67.3906236180645,67.6398109765737,67.2875554126545,67.853261650363,270.171251657656,67.5428129144139
P_Rovib,53.4934069158396,50.5155443872018,42.808152367581,43.1313290048081,189.948432675431,47.4871081688576
Total,13938.5501245032,13756.8435313754,12687.4366424674,12880.6167531279,53263.4470514738,13315.8617628684
