Term,A,B,C,D,Total
UA_Transvib,2220.28964723621,2218.16977570665,2205.84319056742,2227.95549249026,8872.25810600054
UA_Rovib,480.960094825059,466.760647349409,462.295959098698,480.989924870607,1891.00662614377
UA_Conf,1497.97698946255,1582.74909910391,1614.31940554432,1530.49757053055,6225.54306464133
Res_Transvib,2464.55008599446,2462.62713797506,2459.20570416223,2478.25826901471,9864.64119714646
Res_Rovib,960.474734245318,1043.48238469929,966.866197381427,1089.04556245824,4059.86887878427
Res_Conf,72.4348783063888,74.0869731829934,73.5937579755317,58.9782432714722,279.093852736386
P_Transvib,50.3726594385185,50.2542628576968,50.2235027335095,50.6658258753113,201.516250905036
P_Rovib,24.1410400525787,27.8374650785624,25.770841011877,26.5713546331929,104.320700776211
Total,7771.20012956108,7925.96774595357,7858.11855847501,7942.96224314434,31498.248677134
