Term,A,B,C,D,Total,Average Per Chain
UA_Transvib,2237.21607495962,2235.48502865061,2217.82678090394,2233.50301277074,8924.03089728491,2231.00772432123
UA_Rovib,3220.70491074856,3091.81356772423,3074.59869410701,3155.63417504981,12542.7513476296,3135.6878369074
UA_Conf,1474.18451863305,1562.98753666041,1583.35033661794,1515.430768904,6135.95316081541,1533.98829020385
Res_Transvib,2515.298848629,2489.26804830663,2489.18512852042,2504.34268828756,9998.09471374361,2499.5236784359
Res_Rovib,2700.6557656197,2598.29464845841,2074.7719050982,2646.86454134738,10020.5868605237,2505.14671513092
Res_Conf,63.0252535336101,66.929251794557,61.6288240263729,51.5271130372956,243.110442391836,60.7776105979589
P_Transvib,67.5924108870057,67.6000054183785,67.6415974776182,67.9291649181546,270.763178701157,67.6907946752892
P_Rovib,41.5399752804076,40.8218261943781,38.1527667662716,40.5119848675938,161.026553108651,40.2566382771628
Total,12320.217758291,12153.1999132076,11607.1560335178,12215.7434491825,48296.3171541989,12074.0792885497
