Term,A,B,C,D,Total,Average Per Chain
UA_Transvib,2216.0888556675,,,,2216.0888556675,2216.0888556675
UA_Rovib,553.077723170662,,,,553.077723170662,553.077723170662
UA_Conf,1475.7099581802,,,,1475.7099581802,1475.7099581802
Res_Transvib,2471.53456616377,,,,2471.53456616377,2471.53456616377
Res_Rovib,1174.72848662717,,,,1174.72848662717,1174.72848662717
Res_Conf,66.5395068065115,,,,66.5395068065115,66.5395068065115
P_Transvib,50.3501260482459,,,,50.3501260482459,50.3501260482459
P_Rovib,23.7070061102283,,,,23.7070061102283,23.7070061102283
Total,8031.73622877429,0,0,0,8031.73622877429,8031.73622877429
