Term,A,B,C,D,Total
UA_Transvib,2215.61675372146,,,,2215.61675372146
UA_Rovib,508.754872532615,,,,508.754872532615
UA_Conf,1475.9037738717,,,,1475.9037738717
Res_Transvib,2464.1725802835,,,,2464.1725802835
Res_Rovib,947.500166532595,,,,947.500166532595
Res_Conf,70.5080288373598,,,,70.5080288373598
P_Transvib,50.3635780399598,,,,50.3635780399598
P_Rovib,23.27109991817,,,,23.27109991817
Total,7756.09085373736,0,0,0,7756.09085373736
