Term,A,B,C,D,Total,Average Per Chain
UA_Transvib,2240.55082454691,2237.30308126015,2253.17734491129,2253.60111369357,8984.63236441192,2246.15809110298
UA_Rovib,545.506803026096,497.456369877822,493.551123849272,510.942330163825,2047.45662691702,511.864156729254
UA_Conf,1492.98377960018,1543.26054833611,1554.93220034935,1431.91339118827,6023.0899194739,1505.77247986848
Res_Transvib,2523.78274020212,2548.07627025457,2561.80652949219,2548.83888874504,10182.5044286939,2545.62610717348
Res_Rovib,1579.44135967623,1641.36078711071,1825.28627172449,1834.08475901161,6880.17317752303,1720.04329438076
Res_Conf,70.6027798858693,69.5396720951959,66.8372265397815,56.6230432939458,263.602721814792,65.9006804536981
P_Transvib,49.9688591651697,50.2691726485027,50.152613476075,50.6270079793579,201.017653269105,50.2544133172763
P_Rovib,34.0177464132286,37.2115601753942,45.803061633268,46.7135418423414,163.745910064232,40.936477516058
Total,8536.8548925158,8624.47746175845,8851.54637197571,8733.34407591796,34746.2228021679,8686.55570054198
