Term,A,B,C,D,Total,Average Per Chain
UA_Transvib,2355.20619225495,2358.10605188085,2384.04130239132,2367.53823143233,9464.89177795945,2366.22294448986
UA_Rovib,1037.36916236937,1009.35218238412,944.824466658634,1027.22860936417,4018.77442077629,1004.69360519407
UA_Conf,1414.87461554791,1421.76901462736,1469.28683911113,1469.95149277965,5775.88196206604,1443.97049051651
Res_Transvib,2872.7958692305,2859.34598717663,2854.77166646863,2931.82148403439,11518.7350069102,2879.68375172754
Res_Rovib,2437.86148696765,2208.21628462265,2198.48401096975,2203.70392374448,9048.26570630453,2262.06642657613
Res_Conf,49.5440400124747,50.0829636690138,46.7474538072214,37.2496152595827,183.624072748293,45.9060181870732
P_Transvib,50.1015288087466,49.9521991268294,50.2099756191441,51.3881366048336,201.651840159554,50.4129600398884
P_Rovib,46.0923938965358,45.7888426675842,46.2979163879653,46.6371987444926,184.816351696578,46.2040879241445
Total,10263.8452890881,10002.613526155,9994.66363141379,10135.5186919639,40396.6411386209,10099.1602846552
