Term,A,B,C,D,Total,Average Per Chain
UA_Transvib,2197.81421418552,2205.08259477611,2237.50522859697,2229.03197625113,8869.43401380974,2217.35850345243
UA_Rovib,457.065135563182,418.670405730616,428.721196281457,423.867909499466,1728.32464707472,432.08116176868
UA_Conf,1529.61793974809,1552.32023861608,1552.25465080784,1479.33874204782,6113.53157121984,1528.38289280496
Res_Transvib,2470.94851105006,2495.79356457253,2520.01676161324,2504.04744823169,9990.80628546751,2497.70157136688
Res_Rovib,564.677140475191,1296.31354762765,1474.62182870046,1541.81301378597,4877.42553058927,1219.35638264732
Res_Conf,73.2914528754497,70.9554281151994,70.3220535632749,59.876555841045,274.445490394969,68.6113725987423
P_Transvib,49.8897273254386,50.3515622384248,50.268809248203,50.510389287291,201.020488099357,50.2551220248394
P_Rovib,28.1846347224074,30.2531038812919,34.9350935668088,31.447999882299,124.820832052807,31.2052080132018
Total,7371.48875594534,8119.74044555791,8368.64562237825,8319.93403482671,32179.8088587082,8044.95221467705
