Term,A,B,C,D,Total
UA_Transvib,2199.32040344442,,,,2199.32040344442
UA_Rovib,441.609034710519,,,,441.609034710519
UA_Conf,1553.97524972318,,,,1553.97524972318
Res_Transvib,2468.59416557131,,,,2468.59416557131
Res_Rovib,593.38036480815,,,,593.38036480815
Res_Conf,74.2660608858516,,,,74.2660608858516
P_Transvib,49.9009169272852,,,,49.9009169272852
P_Rovib,29.8576265249342,,,,29.8576265249342
Total,7410.90382259565,0,0,0,7410.90382259565
