Term,A,B,C,D,Total,Average Per Chain
UA_Transvib,2319.13771992289,2294.81563910053,2336.0360657035,2327.65211527519,9277.64154000211,2319.41038500053
UA_Rovib,3876.00441690886,3762.53178052019,3925.24930462127,3974.01751381008,15537.8030158604,3884.4507539651
UA_Conf,1488.75559506824,1576.16595981665,1423.78476796455,1494.08507754136,5982.7914003908,1495.6978500977
Res_Transvib,2704.35876264349,2648.02808213523,2716.99733425512,2677.56586292226,10746.9500419561,2686.73751048903
Res_Rovib,4063.6654194443,3758.46177422713,3859.99275129836,3896.67792873304,15578.7978737028,3894.69946842571
Res_Conf,59.9652925133581,60.6807397224328,51.7944243545813,50.9021935796829,223.342650170055,55.8356625425138
P_Transvib,67.3068804454417,67.300757110207,67.6466486686832,68.1118452558284,270.36613148016,67.5915328700401
P_Rovib,63.7009562188568,58.6530985937171,63.425194693252,63.9842485694499,249.763498075276,62.440874518819
Total,14642.8950431654,14226.6378312261,14444.9264915593,14552.9967856869,57867.4561516378,14466.8640379094
