Term,A,B,C,D,Total,Average Per Chain
UA_Transvib,2211.0990678377,2188.40398386705,2227.7321982923,2216.26544415177,8843.50069414882,2210.87517353721
UA_Rovib,2597.19825788733,2568.58919489537,2607.4899502842,2522.93199718077,10296.2094002477,2574.05235006192
UA_Conf,1593.50026887155,1617.41592099867,1478.82946745762,1525.18187034318,6214.92752767102,1553.73188191776
Res_Transvib,2453.30785493509,2454.56690774172,2471.65397188546,2489.29361558948,9868.82235015174,2467.20558753794
Res_Rovib,2107.86528370102,1900.3164925933,2275.6303399194,2465.17031798702,8748.98243420073,2187.24560855018
Res_Conf,73.8738614494747,73.3611783396765,59.6143686367451,65.9758743987871,272.825282824683,68.2063207061709
P_Transvib,67.3386136712335,67.2054162931246,67.7942664590263,68.042455405123,270.380751828507,67.5951879571269
P_Rovib,41.5430665133226,41.0165075467336,43.5042384640667,44.5558572742576,170.619669798381,42.6549174495951
Total,11145.7262748667,10910.8756022756,11232.2488013988,11397.4174323304,44686.2681108716,11171.5670277179
