Term,A,B,C,D,Total
UA_Transvib,2358.54955303475,2335.2317111795,2359.51082473191,2363.21197305756,9416.50406200372
UA_Rovib,1035.76606808025,1054.38658362216,1095.15128490077,1161.42846789617,4346.73240449935
UA_Conf,1430.45260182203,1489.935450226,1452.33711141218,1420.01867488478,5792.74383834498
Res_Transvib,2858.7045933586,2856.53547021824,2911.08204760692,2872.75793457964,11499.0800457634
Res_Rovib,2482.70906228072,2169.36255425099,2151.5709617726,2184.65261624199,8988.29519454629
Res_Conf,55.7347353068891,51.2317714023618,44.3028046947397,40.2286219491554,191.497933353146
P_Transvib,49.9597994910833,49.9074780759639,50.6457352900935,50.2299875794046,200.743000436545
P_Rovib,46.0470336012828,45.9802855348256,44.7115742571708,46.6791397685631,183.418033161842
Total,10317.9234469756,10052.57130451,10109.3123446664,10139.2074159573,40619.0145121093
