Term,A,B,C,D,Total,Average Per Chain
UA_Transvib,2358.54955303475,2335.2317111795,2359.51082473191,2363.21197305756,9416.50406200372,2354.12601550093
UA_Rovib,4202.87677689806,4236.47085417328,4366.06956941483,4457.48286613099,17262.9000666172,4315.72501665429
UA_Conf,1430.45260182203,1489.935450226,1452.33711141218,1420.01867488478,5792.74383834498,1448.18595958625
Res_Transvib,2858.7045933586,2856.53547021824,2911.08204760692,2872.75793457964,11499.0800457634,2874.77001144085
Res_Rovib,4375.83614584545,4063.9054778233,4030.79733134652,4077.39154010241,16547.9304951177,4136.98262377942
Res_Conf,55.7347353068891,51.2317714023618,44.3028046947397,40.2286219491554,191.497933353146,47.8744833382865
P_Transvib,67.1432551917279,67.0907093463142,67.8349376229499,67.4159815575089,269.484883718501,67.3712209296252
P_Rovib,63.1899004527833,63.1201049869603,61.836435740527,63.8293535548847,251.975794735155,62.9939486837888
Total,15412.4875619103,15163.5215493559,15293.7710625706,15362.3369458169,61232.1171196537,15308.0292799134
