Term,A,B,C,D,Total
UA_Transvib,2211.20073936861,2204.3164783881,2218.34068690881,2209.09396735602,8842.95187202154
UA_Rovib,421.684072162469,413.342729978349,430.678472102766,449.687573557301,1715.39284780089
UA_Conf,1538.93730911187,1597.72296530832,1559.35560062982,1576.32268236708,6272.3385574171
Res_Transvib,2460.84101662526,2461.71601023835,2475.24656834697,2491.43031342452,9889.2339086351
Res_Rovib,663.658512032485,1362.50853481025,1153.84633626461,936.430695742732,4116.44407885009
Res_Conf,72.0319300740133,72.4123394008475,65.5330494939293,69.1138707844355,279.091189753226
P_Transvib,50.367504008357,50.0656469477172,50.3735281939264,50.4702385863399,201.276917736341
P_Rovib,26.4819920874942,28.8904022940901,27.8254797627141,30.0350164064707,113.232890550769
Total,7445.20307547056,8190.97510736603,7981.19972170355,7812.58435822491,31429.962262765
