Term,A,B,C,D,Total
UA_Transvib,2309.95739408444,2285.93915553596,2312.27855248613,2309.32104992205,9217.49615202858
UA_Rovib,715.432776159185,717.070764146037,714.056505077948,774.933069753811,2921.49311513698
UA_Conf,1459.08649115501,1511.18826275199,1512.53861811505,1453.93311363676,5936.7464856588
Res_Transvib,2658.95993102252,2687.97201835042,2703.24078765042,2674.02659158232,10724.1993286057
Res_Rovib,2008.90913238022,1956.74206805158,1948.96251938433,1973.24120207034,7887.85492188647
Res_Conf,62.1896508230063,60.9317731881763,49.6861090813696,50.2254322441823,223.032965336734
P_Transvib,50.0286857076565,50.0234676144203,50.4800750942198,50.7888126923999,201.321041108697
P_Rovib,37.434503698627,46.1457642207885,45.0291662336659,45.6016643576059,174.211098510687
Total,9301.99856503066,9316.01327385937,9336.27233312313,9332.07093625946,37286.3551082726
