Term,A,B,C,D,Total
UA_Transvib,2228.78197365899,2209.31904071105,2237.67268977753,2250.55729160384,8926.33099575142
UA_Rovib,498.333343402885,449.147828754279,508.01641319225,519.663229129946,1975.16081447936
UA_Conf,1526.49918509489,1616.88990273686,1544.03731620449,1553.13940259878,6240.56580663503
Res_Transvib,2479.22624436527,2477.63210534677,2517.36256508322,2537.27785263492,10011.4987674302
Res_Rovib,1060.67896930239,1491.99629727322,1751.11539380736,1825.71915297186,6129.50981335482
Res_Conf,70.4626473736964,69.789667512614,58.8256738426491,64.9337254183872,264.011714147347
P_Transvib,50.3694532864177,50.0299053620981,50.417998147635,50.6714558819874,201.488812678138
P_Rovib,30.7373877676095,30.3458006800285,32.6681398647789,41.8146185163958,135.565946828813
Total,7945.08920425215,8395.15054837691,8700.11618991991,8843.77672875613,33884.1326713051
